<?xml version="1.0"?>
<MenuItems>
    <MenuItem id="defineDeviceStates">
    <Name>Define Device + States / Variable to be tracked</Name>
    <ConfigUI>
            <Field id="infoLabel1" type="label"> <Label>add devcies/states/varaiables to be tracked</Label></Field>
            <Field id="infoLabel10" type="label"> <Label> ... and don't forget to select measurements and click on SAVE at the BOTTOM (scroll down)</Label></Field>

            <Field    id="MSG"   type="textfield" defaultValue="" > <Label> message from Plugin:</Label> </Field>

            <Field   id="device" type="menu" tooltip="you have to click on your choice to signal your entry" >
                <Label>Select  Device/variable:</Label>
                <List class="self" filter="" method="filterDevicesThatQualify" dynamicReload="false"/>
                <CallbackMethod>pickDeviceCALLBACK</CallbackMethod>
            </Field>

            <Field    id="state"  type="menu" defaultValue="0">
                <Label>state:</Label>
                <List class="self" filter="" method="filterStatesThatQualify" dynamicReload="true"/>
            </Field>
            <Field  id="buttonConfirmdevstate" type="button"	tooltip="This will confirm  Device/State variable selection">
                <Label>dev/state/varaiable:</Label><Title>SELECT</Title>
                <CallbackMethod>buttonConfirmStateCALLBACK</CallbackMethod>
            </Field>

            <Field id="shortName"       type="textfield" defaultValue="" > <Label>Use shortName for generated tracking variable instead of device_state_xxx (no spaces):</Label> </Field>
            <Field id="showM" visibleBindingValue="true"     type="checkbox" defaultValue="true" hidden="yes"></Field>


            <Field id="infoLabelmeasures" type="label" visibleBindingId="showM" visibleBindingValue="true" fontColor="orange"  > 
				<Label>==>Now select the measures you like to track for specified dev/state/var. 
    THEN click &lt;SAVE&gt; at the VERY-VERY bottom:</Label>
			</Field>


            <Field  id="buttonSelectAll" type="button"	tooltip="" visibleBindingId="showM" visibleBindingValue="true" >
                <Label>Measures:</Label><Title>SELECT ALL</Title>
                <CallbackMethod>buttonSelectAllCALLBACK</CallbackMethod>
            </Field>

            <Field  id="buttonDeselectAll" type="button"	tooltip="" visibleBindingId="showM" visibleBindingValue="true" >
                <Label>Measures:</Label><Title>DE-select all</Title>
                <CallbackMethod>buttonDeSelectAllCALLBACK</CallbackMethod>
            </Field>



            <Field id="thisHourMin"    visibleBindingId="showM" visibleBindingValue="true"   type="checkbox" defaultValue="true"><Label>thisHour.......................-Min Value:</Label></Field>
            <Field id="thisHourMax"    visibleBindingId="showM" visibleBindingValue="true"   type="checkbox" defaultValue="true"><Label>.. -Max Value:</Label></Field>
            <Field id="thisHourAve"    visibleBindingId="showM" visibleBindingValue="true"   type="checkbox" defaultValue="true"><Label>.. -Ave Value:</Label></Field>
            <Field id="thisHourDateMin" visibleBindingId="showM" visibleBindingValue="true"   type="checkbox" defaultValue="true"><Label>.. -Date of min:</Label></Field>
            <Field id="thisHourDateMax" visibleBindingId="showM" visibleBindingValue="true"   type="checkbox" defaultValue="true"><Label>.. -Date of min:</Label></Field>
            <Field id="thisHourCount"  visibleBindingId="showM" visibleBindingValue="true"   type="checkbox" defaultValue="true"><Label>.. -Count:</Label></Field>
            <Field id="thisHourCount1" visibleBindingId="showM" visibleBindingValue="true"   type="checkbox" defaultValue="true"><Label>.. -Count >0:</Label></Field>
            <Field id="thisHourStdDev" visibleBindingId="showM" visibleBindingValue="true"   type="checkbox" defaultValue="true"><Label>.. -StdDev:</Label></Field>
            <Field id="thisHourStart"  visibleBindingId="showM" visibleBindingValue="true"   type="checkbox" defaultValue="true"><Label>.. -Start Value:</Label></Field>
            <Field id="thisHourEnd"    visibleBindingId="showM" visibleBindingValue="true"   type="checkbox" defaultValue="true"><Label>.. -End Value:</Label></Field>
            <Field id="thisHourFirstEntryValue" visibleBindingId="showM" visibleBindingValue="true"   type="checkbox" defaultValue="true"><Label>.. -First Entry Value(!=0)</Label></Field>
            <Field id="thisHourFirstEntryDate"  visibleBindingId="showM" visibleBindingValue="true"   type="checkbox" defaultValue="true"><Label>.. -First Entry Date(!=0):</Label></Field>
            <Field id="thisHourLastEntryValue" visibleBindingId="showM" visibleBindingValue="true"   type="checkbox" defaultValue="true"><Label>.. -Last Entry Value(!=0):</Label></Field>
            <Field id="thisHourLastEntryDate"  visibleBindingId="showM" visibleBindingValue="true"   type="checkbox" defaultValue="true"><Label>.. --Last Entry Date(!=0):</Label></Field>

            <Field id="lastHourMin"    visibleBindingId="showM" visibleBindingValue="true"   type="checkbox" defaultValue="true"><Label>lastHour.......................-Min Value:</Label></Field>
            <Field id="lastHourMax"    visibleBindingId="showM" visibleBindingValue="true"   type="checkbox" defaultValue="true"><Label>.. -Max Value:</Label></Field>
            <Field id="lastHourAve"    visibleBindingId="showM" visibleBindingValue="true"   type="checkbox" defaultValue="true"><Label>.. -Ave Value:</Label></Field>
            <Field id="lastHourDateMin" visibleBindingId="showM" visibleBindingValue="true"   type="checkbox" defaultValue="true"><Label>.. -Date of min:</Label></Field>
            <Field id="lastHourDateMax" visibleBindingId="showM" visibleBindingValue="true"   type="checkbox" defaultValue="true"><Label>.. -Date of min:</Label></Field>
            <Field id="lastHourCount"  visibleBindingId="showM" visibleBindingValue="true"   type="checkbox" defaultValue="true"><Label>.. -Count:</Label></Field>
            <Field id="lastHourCount1" visibleBindingId="showM" visibleBindingValue="true"   type="checkbox" defaultValue="true"><Label>.. -Count >0:</Label></Field>
            <Field id="lastHourStdDev" visibleBindingId="showM" visibleBindingValue="true"   type="checkbox" defaultValue="true"><Label>.. -StdDev:</Label></Field>
            <Field id="lastHourStart"  visibleBindingId="showM" visibleBindingValue="true"   type="checkbox" defaultValue="true"><Label>.. -Start Value:</Label></Field>
            <Field id="lastHourEnd"    visibleBindingId="showM" visibleBindingValue="true"   type="checkbox" defaultValue="true"><Label>.. -End Value:</Label></Field>
            <Field id="lastHourFirstEntryValue" visibleBindingId="showM" visibleBindingValue="true"   type="checkbox" defaultValue="true"><Label>.. -First Entry Value(!=0)</Label></Field>
            <Field id="lastHourFirstEntryDate"  visibleBindingId="showM" visibleBindingValue="true"   type="checkbox" defaultValue="true"><Label>.. -First Entry Date(!=0):</Label></Field>
            <Field id="lastHourLastEntryValue" visibleBindingId="showM" visibleBindingValue="true"   type="checkbox" defaultValue="true"><Label>.. -Last Entry Value(!=0):</Label></Field>
            <Field id="lastHourLastEntryDate"  visibleBindingId="showM" visibleBindingValue="true"   type="checkbox" defaultValue="true"><Label>.. --Last Entry Date(!=0):</Label></Field>

            <Field id="thisDayMin"     visibleBindingId="showM" visibleBindingValue="true"   type="checkbox" defaultValue="true"><Label>thisDay.......................-Min Value:</Label></Field>
            <Field id="thisDayMax"     visibleBindingId="showM" visibleBindingValue="true"   type="checkbox" defaultValue="true"><Label>.. -Max Value:</Label></Field>
            <Field id="thisDayAve"     visibleBindingId="showM" visibleBindingValue="true"   type="checkbox" defaultValue="true"><Label>.. -Ave Value:</Label></Field>
            <Field id="thisDayDateMin" visibleBindingId="showM" visibleBindingValue="true"   type="checkbox" defaultValue="true"><Label>.. -Date of min:</Label></Field>
            <Field id="thisDayDateMax" visibleBindingId="showM" visibleBindingValue="true"   type="checkbox" defaultValue="true"><Label>.. -Date of min:</Label></Field>
            <Field id="thisDayCount"   visibleBindingId="showM" visibleBindingValue="true"   type="checkbox" defaultValue="true"><Label>.. -Count:</Label></Field>
            <Field id="thisDayCount1"  visibleBindingId="showM" visibleBindingValue="true"   type="checkbox" defaultValue="true"><Label>.. -Count >0:</Label></Field>
            <Field id="thisDayStdDev" visibleBindingId="showM" visibleBindingValue="true"   type="checkbox" defaultValue="true"><Label>.. -StdDev:</Label></Field>
            <Field id="thisDayStart"  visibleBindingId="showM" visibleBindingValue="true"   type="checkbox" defaultValue="true"><Label>.. -Start Value:</Label></Field>
            <Field id="thisDayEnd"    visibleBindingId="showM" visibleBindingValue="true"   type="checkbox" defaultValue="true"><Label>.. -End Value:</Label></Field>
            <Field id="thisDayFirstEntryValue" visibleBindingId="showM" visibleBindingValue="true"   type="checkbox" defaultValue="true"><Label>.. -First Entry Value(!=0)</Label></Field>
            <Field id="thisDayFirstEntryDate"  visibleBindingId="showM" visibleBindingValue="true"   type="checkbox" defaultValue="true"><Label>.. -First Entry Date(!=0):</Label></Field>
            <Field id="thisDayLastEntryValue" visibleBindingId="showM" visibleBindingValue="true"   type="checkbox" defaultValue="true"><Label>.. -Last Entry Value(!=0):</Label></Field>
            <Field id="thisDayLastEntryDate"  visibleBindingId="showM" visibleBindingValue="true"   type="checkbox" defaultValue="true"><Label>.. --Last Entry Date(!=0):</Label></Field>

            <Field id="lastDayMin"     visibleBindingId="showM" visibleBindingValue="true"   type="checkbox" defaultValue="true"><Label>lastDay.......................-Min Value:</Label></Field>
            <Field id="lastDayMax"     visibleBindingId="showM" visibleBindingValue="true"   type="checkbox" defaultValue="true"><Label>.. -Max Value:</Label></Field>
            <Field id="lastDayAve"     visibleBindingId="showM" visibleBindingValue="true"   type="checkbox" defaultValue="true"><Label>.. -Ave Value:</Label></Field>
            <Field id="lastDayDateMin" visibleBindingId="showM" visibleBindingValue="true"   type="checkbox" defaultValue="true"><Label>.. -Date of min:</Label></Field>
            <Field id="lastDayDateMax" visibleBindingId="showM" visibleBindingValue="true"   type="checkbox" defaultValue="true"><Label>.. -Date of min:</Label></Field>
            <Field id="lastDayCount"   visibleBindingId="showM" visibleBindingValue="true"   type="checkbox" defaultValue="true"><Label>.. -Count:</Label></Field>
            <Field id="lastDayCount1"  visibleBindingId="showM" visibleBindingValue="true"   type="checkbox" defaultValue="true"><Label>.. -Count >0:</Label></Field>
            <Field id="lastDayStdDev" visibleBindingId="showM" visibleBindingValue="true"   type="checkbox" defaultValue="true"><Label>.. -StdDev:</Label></Field>
            <Field id="lastDayStart"  visibleBindingId="showM" visibleBindingValue="true"   type="checkbox" defaultValue="true"><Label>.. -Start Value:</Label></Field>
            <Field id="lastDayEnd"    visibleBindingId="showM" visibleBindingValue="true"   type="checkbox" defaultValue="true"><Label>.. -End Value:</Label></Field>
            <Field id="lastDayFirstEntryValue" visibleBindingId="showM" visibleBindingValue="true"   type="checkbox" defaultValue="true"><Label>.. -First Entry Value(!=0)</Label></Field>
            <Field id="lastDayFirstEntryDate"  visibleBindingId="showM" visibleBindingValue="true"   type="checkbox" defaultValue="true"><Label>.. -First Entry Date(!=0):</Label></Field>
            <Field id="lastDayLastEntryValue" visibleBindingId="showM" visibleBindingValue="true"   type="checkbox" defaultValue="true"><Label>.. -Last Entry Value(!=0):</Label></Field>
            <Field id="lastDayLastEntryDate"  visibleBindingId="showM" visibleBindingValue="true"   type="checkbox" defaultValue="true"><Label>.. --Last Entry Date(!=0):</Label></Field>

            <Field id="last7DaysMin"    visibleBindingId="showM" visibleBindingValue="true"   type="checkbox" defaultValue="true"><Label>last 7 Days.......................-Min Value:</Label></Field>
            <Field id="last7DaysMax"    visibleBindingId="showM" visibleBindingValue="true"   type="checkbox" defaultValue="true"><Label>.. -Max Value:</Label></Field>
            <Field id="last7DaysAve"    visibleBindingId="showM" visibleBindingValue="true"   type="checkbox" defaultValue="true"><Label>.. -Ave Value:</Label></Field>
            <Field id="last7DaysDateMin" visibleBindingId="showM" visibleBindingValue="true"   type="checkbox" defaultValue="true"><Label>.. -Date of min:</Label></Field>
            <Field id="last7DaysDateMax" visibleBindingId="showM" visibleBindingValue="true"   type="checkbox" defaultValue="true"><Label>.. -Date of min:</Label></Field>
            <Field id="last7DaysCount"  visibleBindingId="showM" visibleBindingValue="true"   type="checkbox" defaultValue="true"><Label>.. -Count:</Label></Field>
            <Field id="last7DaysCount1" visibleBindingId="showM" visibleBindingValue="true"   type="checkbox" defaultValue="true"><Label>.. -Count >0:</Label></Field>
            <Field id="last7DaysStdDev" visibleBindingId="showM" visibleBindingValue="true"   type="checkbox" defaultValue="true"><Label>.. -StdDev:</Label></Field>
            <Field id="last7DaysStart"  visibleBindingId="showM" visibleBindingValue="true"   type="checkbox" defaultValue="true"><Label>.. -Start Value:</Label></Field>
            <Field id="last7DaysEnd"    visibleBindingId="showM" visibleBindingValue="true"   type="checkbox" defaultValue="true"><Label>.. -End Value:</Label></Field>
            <Field id="last7DaysFirstEntryValue" visibleBindingId="showM" visibleBindingValue="true"   type="checkbox" defaultValue="true"><Label>.. -First Entry Value(!=0)</Label></Field>
            <Field id="last7DaysFirstEntryDate"  visibleBindingId="showM" visibleBindingValue="true"   type="checkbox" defaultValue="true"><Label>.. -First Entry Date(!=0):</Label></Field>
            <Field id="last7DaysLastEntryValue" visibleBindingId="showM" visibleBindingValue="true"   type="checkbox" defaultValue="true"><Label>.. -Last Entry Value(!=0):</Label></Field>
            <Field id="last7DaysLastEntryDate"  visibleBindingId="showM" visibleBindingValue="true"   type="checkbox" defaultValue="true"><Label>.. --Last Entry Date(!=0):</Label></Field>

            <Field id="thisWeekMin"    visibleBindingId="showM" visibleBindingValue="true"   type="checkbox" defaultValue="true"><Label>thisWeek.......................-Min Value:</Label></Field>
            <Field id="thisWeekMax"    visibleBindingId="showM" visibleBindingValue="true"   type="checkbox" defaultValue="true"><Label>.. -Max Value:</Label></Field>
            <Field id="thisWeekAve"    visibleBindingId="showM" visibleBindingValue="true"   type="checkbox" defaultValue="true"><Label>.. -Ave Value:</Label></Field>
            <Field id="thisWeekDateMin" visibleBindingId="showM" visibleBindingValue="true"   type="checkbox" defaultValue="true"><Label>.. -Date of min:</Label></Field>
            <Field id="thisWeekDateMax" visibleBindingId="showM" visibleBindingValue="true"   type="checkbox" defaultValue="true"><Label>.. -Date of min:</Label></Field>
            <Field id="thisWeekCount"  visibleBindingId="showM" visibleBindingValue="true"   type="checkbox" defaultValue="true"><Label>.. -Count:</Label></Field>
            <Field id="thisWeekCount1" visibleBindingId="showM" visibleBindingValue="true"   type="checkbox" defaultValue="true"><Label>.. -Count >0:</Label></Field>
            <Field id="thisWeekStdDev" visibleBindingId="showM" visibleBindingValue="true"   type="checkbox" defaultValue="true"><Label>.. -StdDev:</Label></Field>
            <Field id="thisWeekStart"  visibleBindingId="showM" visibleBindingValue="true"   type="checkbox" defaultValue="true"><Label>.. -Start Value:</Label></Field>
            <Field id="thisWeekEnd"    visibleBindingId="showM" visibleBindingValue="true"   type="checkbox" defaultValue="true"><Label>.. -End Value:</Label></Field>
            <Field id="thisWeekFirstEntryValue" visibleBindingId="showM" visibleBindingValue="true"   type="checkbox" defaultValue="true"><Label>.. -First Entry Value(!=0)</Label></Field>
            <Field id="thisWeekFirstEntryDate"  visibleBindingId="showM" visibleBindingValue="true"   type="checkbox" defaultValue="true"><Label>.. -First Entry Date(!=0):</Label></Field>
            <Field id="thisWeekLastEntryValue" visibleBindingId="showM" visibleBindingValue="true"   type="checkbox" defaultValue="true"><Label>.. -Last Entry Value(!=0):</Label></Field>
            <Field id="thisWeekLastEntryDate"  visibleBindingId="showM" visibleBindingValue="true"   type="checkbox" defaultValue="true"><Label>.. --Last Entry Date(!=0):</Label></Field>

            <Field id="lastWeekMin"    visibleBindingId="showM" visibleBindingValue="true"   type="checkbox" defaultValue="true"><Label>lastWeek.......................-Min Value:</Label></Field>
            <Field id="lastWeekMax"    visibleBindingId="showM" visibleBindingValue="true"   type="checkbox" defaultValue="true"><Label>.. -Max Value:</Label></Field>
            <Field id="lastWeekAve"    visibleBindingId="showM" visibleBindingValue="true"   type="checkbox" defaultValue="true"><Label>.. -Ave Value:</Label></Field>
            <Field id="lastWeekDateMin" visibleBindingId="showM" visibleBindingValue="true"   type="checkbox" defaultValue="true"><Label>.. -Date of min:</Label></Field>
            <Field id="lastWeekDateMax" visibleBindingId="showM" visibleBindingValue="true"   type="checkbox" defaultValue="true"><Label>.. -Date of min:</Label></Field>
            <Field id="lastWeekCount"  visibleBindingId="showM" visibleBindingValue="true"   type="checkbox" defaultValue="true"><Label>.. -Count:</Label></Field>
            <Field id="lastWeekCount1" visibleBindingId="showM" visibleBindingValue="true"   type="checkbox" defaultValue="true"><Label>.. -Count >0:</Label></Field>
            <Field id="lastWeekStdDev" visibleBindingId="showM" visibleBindingValue="true"   type="checkbox" defaultValue="true"><Label>.. -StdDev:</Label></Field>
            <Field id="lastWeekStart"  visibleBindingId="showM" visibleBindingValue="true"   type="checkbox" defaultValue="true"><Label>.. -Start Value:</Label></Field>
            <Field id="lastWeekEnd"    visibleBindingId="showM" visibleBindingValue="true"   type="checkbox" defaultValue="true"><Label>.. -End Value:</Label></Field>
            <Field id="lastWeekFirstEntryValue" visibleBindingId="showM" visibleBindingValue="true"   type="checkbox" defaultValue="true"><Label>.. -First Entry Value(!=0)</Label></Field>
            <Field id="lastWeekFirstEntryDate"  visibleBindingId="showM" visibleBindingValue="true"   type="checkbox" defaultValue="true"><Label>.. -First Entry Date(!=0):</Label></Field>
            <Field id="lastWeekLastEntryValue" visibleBindingId="showM" visibleBindingValue="true"   type="checkbox" defaultValue="true"><Label>.. -Last Entry Value(!=0):</Label></Field>
            <Field id="lastWeekLastEntryDate"  visibleBindingId="showM" visibleBindingValue="true"   type="checkbox" defaultValue="true"><Label>.. --Last Entry Date(!=0):</Label></Field>

            <Field id="thisMonthMin"   visibleBindingId="showM" visibleBindingValue="true"   type="checkbox" defaultValue="true"><Label>thisMonth.......................-Min Value:</Label></Field>
            <Field id="thisMonthMax"   visibleBindingId="showM" visibleBindingValue="true"   type="checkbox" defaultValue="true"><Label>.. -Max Value:</Label></Field>
            <Field id="thisMonthAve"   visibleBindingId="showM" visibleBindingValue="true"   type="checkbox" defaultValue="true"><Label>.. -Ave Value:</Label></Field>
            <Field id="thisMonthDateMin" visibleBindingId="showM" visibleBindingValue="true"   type="checkbox" defaultValue="true"><Label>.. -Date of min:</Label></Field>
            <Field id="thisMonthDateMax" visibleBindingId="showM" visibleBindingValue="true"   type="checkbox" defaultValue="true"><Label>.. -Date of min:</Label></Field>
            <Field id="thisMonthCount" visibleBindingId="showM" visibleBindingValue="true"   type="checkbox" defaultValue="true"><Label>.. -Count:</Label></Field>
            <Field id="thisMonthCount1" visibleBindingId="showM" visibleBindingValue="true"   type="checkbox" defaultValue="true"><Label>.. -Count >0:</Label></Field>
            <Field id="thisMonthStdDev" visibleBindingId="showM" visibleBindingValue="true"   type="checkbox" defaultValue="true"><Label>.. -StdDev:</Label></Field>
            <Field id="thisMonthStart"  visibleBindingId="showM" visibleBindingValue="true"   type="checkbox" defaultValue="true"><Label>.. -Start Value:</Label></Field>
            <Field id="thisMonthEnd"    visibleBindingId="showM" visibleBindingValue="true"   type="checkbox" defaultValue="true"><Label>.. -End Value:</Label></Field>
            <Field id="thisMonthFirstEntryValue" visibleBindingId="showM" visibleBindingValue="true"   type="checkbox" defaultValue="true"><Label>.. -First Entry Value(!=0)</Label></Field>
            <Field id="thisMonthFirstEntryDate"  visibleBindingId="showM" visibleBindingValue="true"   type="checkbox" defaultValue="true"><Label>.. -First Entry Date(!=0):</Label></Field>
            <Field id="thisMonthLastEntryValue" visibleBindingId="showM" visibleBindingValue="true"   type="checkbox" defaultValue="true"><Label>.. -Last Entry Value(!=0):</Label></Field>
            <Field id="thisMonthLastEntryDate"  visibleBindingId="showM" visibleBindingValue="true"   type="checkbox" defaultValue="true"><Label>.. --Last Entry Date(!=0):</Label></Field>

            <Field id="lastMonthMin"   visibleBindingId="showM" visibleBindingValue="true"   type="checkbox" defaultValue="true"><Label>lastMonth.......................-Min Value:</Label></Field>
            <Field id="lastMonthMax"   visibleBindingId="showM" visibleBindingValue="true"   type="checkbox" defaultValue="true"><Label>.. -Max Value:</Label></Field>
            <Field id="lastMonthAve"   visibleBindingId="showM" visibleBindingValue="true"   type="checkbox" defaultValue="true"><Label>.. -Ave Value:</Label></Field>
            <Field id="lastMonthDateMin" visibleBindingId="showM" visibleBindingValue="true"   type="checkbox" defaultValue="true"><Label>.. -Date of min:</Label></Field>
            <Field id="lastMonthDateMax" visibleBindingId="showM" visibleBindingValue="true"   type="checkbox" defaultValue="true"><Label>.. -Date of min:</Label></Field>
            <Field id="lastMonthCount" visibleBindingId="showM" visibleBindingValue="true"   type="checkbox" defaultValue="true"><Label>.. -Count:</Label></Field>
            <Field id="lastMonthCount1" visibleBindingId="showM" visibleBindingValue="true"   type="checkbox" defaultValue="true"><Label>.. -Count >0:</Label></Field>
            <Field id="lastMonthStdDev" visibleBindingId="showM" visibleBindingValue="true"   type="checkbox" defaultValue="true"><Label>.. -StdDev:</Label></Field>
            <Field id="lastMonthStart"  visibleBindingId="showM" visibleBindingValue="true"   type="checkbox" defaultValue="true"><Label>.. -Start Value:</Label></Field>
            <Field id="lastMonthEnd"    visibleBindingId="showM" visibleBindingValue="true"   type="checkbox" defaultValue="true"><Label>.. -End Value:</Label></Field>
            <Field id="lastMonthFirstEntryValue" visibleBindingId="showM" visibleBindingValue="true"   type="checkbox" defaultValue="true"><Label>.. -First Entry Value(!=0)</Label></Field>
            <Field id="lastMonthFirstEntryDate"  visibleBindingId="showM" visibleBindingValue="true"   type="checkbox" defaultValue="true"><Label>.. -First Entry Date(!=0):</Label></Field>
            <Field id="lastMonthLastEntryValue" visibleBindingId="showM" visibleBindingValue="true"   type="checkbox" defaultValue="true"><Label>.. -Last Entry Value(!=0):</Label></Field>
            <Field id="lastMonthLastEntryDate"  visibleBindingId="showM" visibleBindingValue="true"   type="checkbox" defaultValue="true"><Label>.. --Last Entry Date(!=0):</Label></Field>

            <Field id="ignoreLess"                                                          type="textfield" defaultValue="-9999999999"><Label>Ignore values if values &lt; than:</Label></Field>
            <Field id="ignoreGreater"                                                       type="textfield" defaultValue="9999999999"><Label>Ignore values if values &gt; than:</Label></Field>
            <Field id="formatNumbers"       type="textfield" defaultValue="%.1f" > <Label>format for Numbers:</Label> </Field>
 
            <Field  id="buttonConfirm" type="button"	tooltip="This will add Device/State">
                <Label>To Add to tracking click....:</Label><Title>SAVE</Title>
                <CallbackMethod>buttonConfirmCALLBACK</CallbackMethod>
            </Field>
    </ConfigUI>
    </MenuItem>

    <MenuItem id="removeDeviceStates">
    <Name>Remove Device + States / Variable from tracking</Name>
    <ConfigUI>
            <Field id="infoLabel1" type="label"> <Label>remove devices/states from tracking</Label></Field>

            <Field   id="device" type="menu" tooltip="you have to click on your choice to signal your entry" >
                <Label>Select  Device:</Label>
                <List class="self" filter="" method="filterExistingDevices" dynamicReload="false"/>
                <CallbackMethod>pickExistingDeviceCALLBACK</CallbackMethod>
            </Field>

            <Field    id="state"  type="menu" defaultValue="0">
                <Label>state:</Label>
                <List class="self" filter="" method="filterExistingStates" dynamicReload="true"/>
            </Field>

            <Field  id="buttonRemove" type="button"	tooltip="This will remove Device/State">
                <Label>To remove from tracking click....:</Label><Title>REMOVE</Title>
                <CallbackMethod>buttonRemoveCALLBACK</CallbackMethod>
            </Field>
    </ConfigUI>
    </MenuItem>
    <MenuItem id="printConfig">
        <Name>print tracking setup to logfile </Name>
        <CallbackMethod>printConfigCALLBACK</CallbackMethod>
    </MenuItem>
    <MenuItem id="refreshDataNow">
        <Name>refresh Data Now</Name>
        <CallbackMethod>buttonrefreshDataNowCALLBACK</CallbackMethod>
    </MenuItem>
    
    

</MenuItems>
