<?xml version="1.0"?>
<PluginConfig>
    <Field id="infoLabel1" type="label">
        <Label>minMax Plugin                          Developed by Karl Wachs</Label>
    </Field>
    <Field id="infoLabel2" type="label">
        <Label>Create variables with min/max/ave of device-states for this/last hour/day/week/month</Label>
    </Field>
    
    <Field id="simpleSeparator11" type="separator"/>

    <Field id="refreshRate"  type="menu" defaultValue="180" tooltip=" refresh rate of numbers">
        <List>
            <Option value="20"     >20 secs .. only for testing</Option>
            <Option value="60"     > 1   Minute</Option>
            <Option value="120"    > 2   Minutes - default</Option>
            <Option value="180"    > 3   Minutes - default </Option>
            <Option value="300"    > 5   Minutes </Option>
            <Option value="600"    >10  Minutes</Option>
            <Option value="1800"   >30  Minutes</Option>
        </List>
        <Label>refresh Numbers every:</Label>
    </Field>

    <Field id="variFolderName"  type="textfield" defaultValue="minMax" >
        <Label>Name of folder for output variables :</Label>
    </Field>
    <Field id="timeFormatDisplay"  type="textfield" defaultValue="%Y-%m-%d-%H:%M:%S" >  <Label>Format to show dates:</Label> </Field>
    <Field id="timeFormatDisplay2"  type="textfield" defaultValue="%Y-%m-%d %H:%M:%S = 2018-01-24 18:33:05" readonly ="true">  <Label>examples</Label> </Field>
    <Field id="timeFormatDisplay3"  type="textfield" defaultValue="%a = weekday" readonly ="true">  <Label>examples</Label> </Field>
    <Field id="timeFormatDisplay4"  type="textfield" defaultValue="%I%p = 12am" readonly ="true">  <Label>examples</Label> </Field>
    <Field id="timeFormatDisplay5"  type="textfield" defaultValue="%y = 2 digit year" readonly ="true">  <Label>examples</Label> </Field>
    <Field id="timeFormatDisplay6"  type="textfield" defaultValue="% b short local month" readonly ="true">  <Label>examples</Label> </Field>
    <Field id="timeFormatDisplay7"  type="textfield" defaultValue="docs.python.org/2/library/datetime.html" readonly ="true">  <Label>Webpage</Label> </Field>

    <Field id="infoLabel227" type="label"> <Label>For DETAILED time used tracking set indigo variable "enableTimeTracking_minMax"</Label>  </Field>
    <Field    id="do_cProfile" type="textfield"  defaultValue="on/off/print"  readonly="yes"     > 
        <Label>...enable or stop or  print intermediate results use on/off/print:</Label>  
    </Field>


    <Field
        id="liteOrPsql"
        type="menu"
        defaultValue="sqlite" >
        <Label>Pick SQL database tool:</Label>
        <List>
            <Option value="sqlite"  >sqlLite used in SQL logger</Option>
            <Option value="psql"    >postgre used in SQL logger</Option>
        </List>
    </Field>
    
    <Field
        visibleBindingId="liteOrPsql"
        visibleBindingValue="psql"
        id="liteOrPsqlString"
        type="textfield"
        defaultValue="/Applications/Postgres.app/Contents/Versions/latest/bin/psql indigo_history postgres">
        <Label>postgres command string </Label>
    </Field>
    <Field id="postgreHelp2"  type="textfield" defaultValue="/Library/PostgreSQL/bin/psql indigo_history postgres " 
        visibleBindingId="liteOrPsql"
        visibleBindingValue="psql" 
        readOnly="yes">
        <Label>postgres command example (full install):</Label>
    </Field>
    <Field id="postgreHelp1"  type="textfield" defaultValue="/Applications/Postgres.app/Contents/Versions/latest/bin/psql indigo_history postgres " 
        visibleBindingId="liteOrPsql"
        visibleBindingValue="psql"
        readOnly="yes">
        <Label>postgres command example (app install):</Label>
    </Field>
    
    <Field
        visibleBindingId="liteOrPsql"
        visibleBindingValue="psql"
        id="postgresUserId"
        type="textfield"
        defaultValue="postgres">
        <Label>postgres userid</Label>
    </Field>
    
    <Field
        visibleBindingId="liteOrPsql"
        visibleBindingValue="psql"
        id="postgresPassword"
        type="textfield"
        secure="true"
        defaultValue="">
        <Label>postgres password (leave blank if not set)</Label>
    </Field>

 

    <Field id="infoLabel99" type="label"> <Label>debug level for plugin:</Label>  </Field>
        
    <Field    id="debugLoop"        type="checkbox"  defaultValue="false"       tooltip=""> <Label> Debug...                   ... (1) Loop:</Label>  </Field>
    <Field    id="debugSql"         type="checkbox"  defaultValue="false"       tooltip=""> <Label>     ... (2) SQL:</Label>  </Field>
    <Field    id="debugSetup"       type="checkbox"  defaultValue="false"       tooltip=""> <Label>     ... (3) Setup:</Label>  </Field>
    <Field    id="debugall"         type="checkbox"  defaultValue="false"       tooltip=""> <Label>     ... (11) all of the above .. everything:</Label>  </Field>

    <Field    id="logFileActive2"      type="menu"      defaultValue="standard"      > <Label> send logs to ..:</Label>
        <List>
            <Option value="indigo"   > .. Perceptive Automation/Indigo x/Logs/com.karlwachs.minMax/plugin.log </Option>
        </List>
    </Field>




</PluginConfig>
